{
    "niter": 26417,
    "logz": -62.53863305816477,
    "logzerr": 0.5175806154655788,
    "logz_bs": -62.53045457234365,
    "logz_single": -62.53863305816477,
    "logzerr_tail": 0.009934936895142243,
    "logzerr_bs": 0.5174852563451608,
    "ess": 3682.2443836022435,
    "H": 55.640980421658774,
    "Herr": 0.2698856389458255,
    "posterior": {
        "mean": [
            0.0072687751417858356,
            0.04786096627994191,
            183.40955260219687,
            0.40193763629235024,
            5.471893962678295,
            0.5226744021411549,
            1.020698893754779,
            -0.0005375004144173567,
            8.675356109340701e-05,
            1.9971600978209094,
            0.0034568700491302055,
            4.929052952438587e-05,
            12.001164773527478,
            -0.00042509100216182047
        ],
        "stdev": [
            0.054630313068288305,
            0.008646025497505871,
            4.422070322443532,
            0.04749970293753748,
            2.0968974052369234,
            0.03127949788206297,
            0.05732821458893486,
            0.0138625676048427,
            0.0077221486955439235,
            0.008930969394683444,
            0.5484335982267112,
            0.003900218883855753,
            0.025259209119888777,
            0.013511095366260726
        ],
        "median": [
            0.009402358336907127,
            0.04768672029851645,
            183.06106734820432,
            0.4001490640770532,
            6.276090052926226,
            0.521567273695388,
            1.0172557734030758,
            -0.0005984052743663315,
            6.646578274227544e-05,
            1.9972881014922899,
            -0.006894650287847526,
            6.310880499021954e-05,
            12.001562650519903,
            -0.0003676275193100764
        ],
        "errlo": [
            -0.05607591276129205,
            0.03930459863796132,
            178.78237513589337,
            0.3487172326840523,
            6.265920868531755,
            0.48839674749070716,
            0.9597977273134038,
            -0.01451177496675135,
            -0.007546579023670369,
            1.9882304917296283,
            -0.5454958839251814,
            -0.003888411585572571,
            11.975607949559693,
            -0.014109462287008157
        ],
        "errup": [
            0.07000289863974674,
            0.05645502591388313,
            188.2746181829947,
            0.457315588354056,
            6.280998333222582,
            0.5574760370005123,
            1.0851558794400074,
            0.013367954926932463,
            0.007753593529166103,
            2.0060068668341833,
            0.564077851553634,
            0.004019711056201525,
            12.02661561551588,
            0.013045957448918344
        ],
        "information_gain_bits": [
            -5.161008989485489,
            1.1850437616031935,
            0.4431332744640288,
            1.8369176126649673,
            3.844292994258089,
            3.5368331189975932,
            3.086428971292378,
            1.881787575122066,
            2.762690175576902,
            4.1464791976303115,
            4.14647919764959,
            3.6547593065606163,
            4.14647919764959,
            4.14647919764959
        ]
    },
    "maximum_likelihood": {
        "logl": -1.1139138214811637,
        "point": [
            0.07901584597114197,
            0.05038489965666282,
            188.32594206031416,
            0.4611604975003172,
            6.283000869676258,
            0.4821868102774596,
            0.9475785114672387,
            0.006715386062397494,
            0.0059825371351164,
            1.9934442931631975,
            -0.07429644946063263,
            -0.0007185279619749685,
            12.006700642283922,
            -0.008489655311391786
        ],
        "point_untransformed": [
            0.8950792298557099,
            0.7519244982833141,
            0.5348491253950566,
            0.4611604975003172,
            0.9999706458596538,
            0.13178855526808952,
            0.2798521092867504,
            0.5167884651559937,
            0.514956342837791,
            0.3986888586326395,
            0.4999257035505394,
            0.49880245339670837,
            0.024013401284567845,
            0.4995755172344304
        ]
    },
    "ncall": 2302633,
    "paramnames": [
        "shared_params-g1",
        "shared_params-g2",
        "shared_params-vcirc",
        "shared_params-cosi",
        "shared_params-theta_int",
        "shared_params-vscale",
        "shared_params-r_hl_disk",
        "shared_params-dx_disk",
        "shared_params-dy_disk",
        "shared_params-flux",
        "Halpha_params-v_0",
        "Halpha_params-dx_vel",
        "Halpha_params-I01",
        "Halpha_params-bkg_level"
    ],
    "logzerr_single": 0.37296440990280416,
    "insertion_order_MWW_test": {
        "independent_iterations": Infinity,
        "converged": true
    }
}